City,Zone,Hour,Total Requests,Completed_Rides,City_Hour_Completion_rate,Expected Completions,Fleet_Surplus_Index,,
Delhi,4,20,7,6,0.551724138,3.86,2.14,,
Delhi,9,5,8,7,0.625,5,2,,
Hyderabad,9,13,5,5,0.64516129,3.23,1.77,,
Bengaluru,10,21,6,6,0.709677419,4.26,1.74,,
Bengaluru,5,5,5,5,0.65625,3.28,1.72,,
Delhi,3,20,6,5,0.551724138,3.31,1.69,,
Delhi,3,17,7,7,0.766666667,5.37,1.63,,
Delhi,4,18,5,5,0.677419355,3.39,1.61,,z
Hyderabad,8,5,4,4,0.6,2.4,1.6,,
Mumbai,8,22,5,5,0.684210526,3.42,1.58,,
Hyderabad,8,20,4,4,0.608695652,2.43,1.57,,
Hyderabad,6,6,6,6,0.741935484,4.45,1.55,,
Bengaluru,5,20,5,5,0.692307692,3.46,1.54,,
Bengaluru,10,16,5,5,0.696969697,3.48,1.52,,
Mumbai,10,21,4,4,0.62962963,2.52,1.48,,
Bengaluru,9,7,4,4,0.633333333,2.53,1.47,,
Hyderabad,8,7,3,3,0.527777778,1.58,1.42,,
Hyderabad,2,13,4,4,0.64516129,2.58,1.42,,
Hyderabad,6,7,3,3,0.527777778,1.58,1.42,,
Delhi,7,16,4,4,0.655172414,2.62,1.38,,
Bengaluru,10,5,4,4,0.65625,2.63,1.38,,
Bengaluru,2,23,4,4,0.65625,2.63,1.38,,
Mumbai,2,20,4,4,0.666666667,2.67,1.33,,
Mumbai,5,14,6,5,0.612903226,3.68,1.32,,
Delhi,7,10,5,5,0.735294118,3.68,1.32,,
Bengaluru,5,14,4,4,0.68,2.72,1.28,,
Bengaluru,6,14,4,4,0.68,2.72,1.28,,
Hyderabad,2,11,3,3,0.575757576,1.73,1.27,,
Bengaluru,6,22,4,4,0.689655172,2.76,1.24,,
Delhi,2,15,4,4,0.692307692,2.77,1.23,,
Mumbai,5,15,3,3,0.592592593,1.78,1.22,,
Hyderabad,1,17,4,4,0.695652174,2.78,1.22,,
Delhi,7,21,5,5,0.75862069,3.79,1.21,,
Hyderabad,6,5,3,3,0.6,1.8,1.2,,
Delhi,5,7,3,3,0.6,1.8,1.2,,
Bengaluru,4,17,4,4,0.705882353,2.82,1.18,,
Bengaluru,3,15,5,5,0.766666667,3.83,1.17,,
Delhi,3,13,9,8,0.75862069,6.83,1.17,,
Hyderabad,6,20,3,3,0.608695652,1.83,1.17,,
Bengaluru,2,21,4,4,0.709677419,2.84,1.16,,
Mumbai,10,3,4,4,0.714285714,2.86,1.14,,
Mumbai,6,10,3,3,0.620689655,1.86,1.14,,
Hyderabad,10,23,3,3,0.625,1.88,1.13,,
Hyderabad,10,10,3,3,0.625,1.88,1.13,,
Hyderabad,3,0,3,3,0.636363636,1.91,1.09,,
Mumbai,10,23,4,4,0.733333333,2.93,1.07,,
Hyderabad,7,16,3,3,0.647058824,1.94,1.06,,
Mumbai,9,12,3,3,0.647058824,1.94,1.06,,
Hyderabad,6,13,3,3,0.64516129,1.94,1.06,,
Bengaluru,7,10,6,5,0.65625,3.94,1.06,,
Bengaluru,2,0,3,3,0.652173913,1.96,1.04,,
Mumbai,1,16,4,4,0.739130435,2.96,1.04,,
Bengaluru,2,4,5,5,0.793103448,3.97,1.03,,
Bengaluru,4,10,3,3,0.65625,1.97,1.03,,
Hyderabad,2,6,4,4,0.741935484,2.97,1.03,,
Delhi,5,14,4,4,0.75,3,1,,
Bengaluru,8,8,3,3,0.666666667,2,1,,
Bengaluru,8,9,4,4,0.75,3,1,,
Bengaluru,10,9,4,4,0.75,3,1,,
Bengaluru,1,6,4,4,0.75,3,1,,
Mumbai,10,20,3,3,0.666666667,2,1,,
Delhi,4,21,4,4,0.75862069,3.03,0.97,,
Hyderabad,1,3,7,6,0.71875,5.03,0.97,,
Hyderabad,4,2,3,3,0.678571429,2.04,0.96,,
Bengaluru,3,11,2,2,0.523809524,1.05,0.95,,
Bengaluru,6,11,2,2,0.523809524,1.05,0.95,,
Mumbai,10,22,3,3,0.684210526,2.05,0.95,,
Mumbai,1,14,5,4,0.612903226,3.06,0.94,,
Hyderabad,1,4,4,4,0.764705882,3.06,0.94,,
Hyderabad,3,4,4,4,0.764705882,3.06,0.94,,
Bengaluru,1,15,4,4,0.766666667,3.07,0.93,,
Delhi,3,3,2,2,0.535714286,1.07,0.93,,
Delhi,10,3,2,2,0.535714286,1.07,0.93,,
Bengaluru,9,20,3,3,0.692307692,2.08,0.92,,
Mumbai,4,13,3,3,0.694444444,2.08,0.92,,
Mumbai,9,7,4,4,0.772727273,3.09,0.91,,
Hyderabad,6,17,3,3,0.695652174,2.09,0.91,,
Hyderabad,1,15,3,3,0.695652174,2.09,0.91,,
Mumbai,3,10,5,4,0.620689655,3.1,0.9,,
Mumbai,4,18,4,4,0.777777778,3.11,0.89,,
Hyderabad,9,7,4,3,0.527777778,2.11,0.89,,
Delhi,9,22,4,4,0.777777778,3.11,0.89,,
Bengaluru,7,17,3,3,0.705882353,2.12,0.88,,
Delhi,4,5,5,4,0.625,3.13,0.88,,
Bengaluru,8,1,5,4,0.625,3.13,0.88,,
Hyderabad,9,23,5,4,0.625,3.13,0.88,,
Mumbai,5,2,3,3,0.714285714,2.14,0.86,,
Mumbai,6,2,3,3,0.714285714,2.14,0.86,,
Mumbai,4,3,3,3,0.714285714,2.14,0.86,,
Delhi,3,4,6,5,0.689655172,4.14,0.86,,
Delhi,3,0,3,3,0.714285714,2.14,0.86,,
Delhi,3,23,3,3,0.714285714,2.14,0.86,,
Delhi,7,19,5,4,0.62962963,3.15,0.85,,
Hyderabad,6,3,3,3,0.71875,2.16,0.84,,
Hyderabad,2,3,3,3,0.71875,2.16,0.84,,
Hyderabad,3,3,3,3,0.71875,2.16,0.84,,
Hyderabad,3,8,4,4,0.791666667,3.17,0.83,,
Hyderabad,10,8,4,4,0.791666667,3.17,0.83,,
Hyderabad,5,19,3,3,0.724137931,2.17,0.83,,
Bengaluru,5,16,6,5,0.696969697,4.18,0.82,,
Bengaluru,3,2,3,3,0.727272727,2.18,0.82,,
Mumbai,1,11,3,3,0.730769231,2.19,0.81,,
Mumbai,2,11,3,3,0.730769231,2.19,0.81,,
Hyderabad,10,5,2,2,0.6,1.2,0.8,,
Delhi,4,10,3,3,0.735294118,2.21,0.79,,
Mumbai,1,0,3,3,0.735294118,2.21,0.79,,
Mumbai,9,0,3,3,0.735294118,2.21,0.79,,
Mumbai,1,4,3,3,0.736842105,2.21,0.79,,
Mumbai,7,4,3,3,0.736842105,2.21,0.79,,
Hyderabad,7,20,2,2,0.608695652,1.22,0.78,,
Hyderabad,6,12,3,3,0.739130435,2.22,0.78,,
Hyderabad,3,12,3,3,0.739130435,2.22,0.78,,
Mumbai,10,14,2,2,0.612903226,1.23,0.77,,
Mumbai,1,12,5,4,0.647058824,3.24,0.76,,
Mumbai,2,12,5,4,0.647058824,3.24,0.76,,
Mumbai,4,10,2,2,0.620689655,1.24,0.76,,
Mumbai,1,1,2,2,0.619047619,1.24,0.76,,
Mumbai,4,1,2,2,0.619047619,1.24,0.76,,
Mumbai,9,1,2,2,0.619047619,1.24,0.76,,
Hyderabad,3,23,2,2,0.625,1.25,0.75,,
Hyderabad,1,18,3,3,0.75,2.25,0.75,,
Hyderabad,1,10,2,2,0.625,1.25,0.75,,
Delhi,6,14,3,3,0.75,2.25,0.75,,
Bengaluru,8,6,3,3,0.75,2.25,0.75,,
Bengaluru,10,6,3,3,0.75,2.25,0.75,,
Delhi,9,19,2,2,0.62962963,1.26,0.74,,
Mumbai,4,21,2,2,0.62962963,1.26,0.74,,
Mumbai,5,21,2,2,0.62962963,1.26,0.74,,
Bengaluru,5,7,2,2,0.633333333,1.27,0.73,,
Bengaluru,8,3,3,3,0.75862069,2.28,0.72,,
Bengaluru,9,3,3,3,0.75862069,2.28,0.72,,
Bengaluru,5,3,3,3,0.75862069,2.28,0.72,,
Bengaluru,5,10,5,4,0.65625,3.28,0.72,,
Hyderabad,1,13,2,2,0.64516129,1.29,0.71,,
Hyderabad,7,13,2,2,0.64516129,1.29,0.71,,
Mumbai,4,12,2,2,0.647058824,1.29,0.71,,
Hyderabad,6,16,2,2,0.647058824,1.29,0.71,,
Delhi,4,17,3,3,0.766666667,2.3,0.7,,
Bengaluru,3,0,2,2,0.652173913,1.3,0.7,,
Bengaluru,5,0,2,2,0.652173913,1.3,0.7,,
Bengaluru,10,0,2,2,0.652173913,1.3,0.7,,
Bengaluru,8,5,2,2,0.65625,1.31,0.69,,
Bengaluru,2,5,2,2,0.65625,1.31,0.69,,
Bengaluru,1,10,2,2,0.65625,1.31,0.69,,
Bengaluru,3,23,2,2,0.65625,1.31,0.69,,
Bengaluru,7,23,2,2,0.65625,1.31,0.69,,
Mumbai,1,9,4,4,0.827586207,3.31,0.69,,
Mumbai,6,20,2,2,0.666666667,1.33,0.67,,
Mumbai,10,18,3,3,0.777777778,2.33,0.67,,
Mumbai,1,18,3,3,0.777777778,2.33,0.67,,
Mumbai,2,6,5,5,0.869565217,4.35,0.65,,
Bengaluru,9,12,3,3,0.782608696,2.35,0.65,,
Bengaluru,8,19,2,2,0.6875,1.38,0.63,,
Bengaluru,9,19,2,2,0.6875,1.38,0.63,,
Delhi,6,11,4,4,0.842105263,3.37,0.63,,
Hyderabad,8,8,3,3,0.791666667,2.37,0.63,,
Hyderabad,8,21,2,2,0.684210526,1.37,0.63,,
Hyderabad,10,21,2,2,0.684210526,1.37,0.63,,
Hyderabad,1,21,2,2,0.684210526,1.37,0.63,,
Mumbai,1,22,2,2,0.684210526,1.37,0.63,,
Delhi,4,15,2,2,0.692307692,1.38,0.62,,
Delhi,8,15,2,2,0.692307692,1.38,0.62,,
Bengaluru,10,22,2,2,0.689655172,1.38,0.62,,
Bengaluru,3,22,2,2,0.689655172,1.38,0.62,,
Delhi,6,4,2,2,0.689655172,1.38,0.62,,
Bengaluru,5,4,3,3,0.793103448,2.38,0.62,,
Bengaluru,8,16,2,2,0.696969697,1.39,0.61,,
Bengaluru,3,16,2,2,0.696969697,1.39,0.61,,
Hyderabad,5,15,2,2,0.695652174,1.39,0.61,,
Hyderabad,6,2,5,4,0.678571429,3.39,0.61,,
Mumbai,10,13,2,2,0.694444444,1.39,0.61,,
Mumbai,7,13,2,2,0.694444444,1.39,0.61,,
Hyderabad,2,17,2,2,0.695652174,1.39,0.61,,
Hyderabad,7,15,2,2,0.695652174,1.39,0.61,,
Hyderabad,4,9,2,2,0.7,1.4,0.6,,
Delhi,5,6,4,3,0.6,2.4,0.6,,
Delhi,1,2,3,3,0.8,2.4,0.6,,
Delhi,2,2,3,3,0.8,2.4,0.6,,
Delhi,5,2,3,3,0.8,2.4,0.6,,
Delhi,9,2,3,3,0.8,2.4,0.6,,
Bengaluru,6,17,2,2,0.705882353,1.41,0.59,,
Bengaluru,8,17,2,2,0.705882353,1.41,0.59,,
Delhi,8,10,6,5,0.735294118,4.41,0.59,,
Mumbai,7,0,6,5,0.735294118,4.41,0.59,,
Mumbai,1,2,2,2,0.714285714,1.43,0.57,,
Mumbai,2,2,2,2,0.714285714,1.43,0.57,,
Mumbai,8,3,2,2,0.714285714,1.43,0.57,,
Mumbai,10,16,6,5,0.739130435,4.43,0.57,,
Delhi,5,23,2,2,0.714285714,1.43,0.57,,
Hyderabad,9,14,3,3,0.80952381,2.43,0.57,,
Hyderabad,7,14,3,3,0.80952381,2.43,0.57,,
Delhi,7,0,2,2,0.714285714,1.43,0.57,,
Delhi,2,8,2,2,0.72,1.44,0.56,,
Delhi,3,8,2,2,0.72,1.44,0.56,,
Delhi,6,8,2,2,0.72,1.44,0.56,,
Delhi,10,8,2,2,0.72,1.44,0.56,,
Bengaluru,1,22,5,4,0.689655172,3.45,0.55,,
Bengaluru,9,2,2,2,0.727272727,1.45,0.55,,
Mumbai,2,14,4,3,0.612903226,2.45,0.55,,
Hyderabad,10,19,2,2,0.724137931,1.45,0.55,,
Hyderabad,1,22,3,3,0.818181818,2.45,0.55,,
Hyderabad,6,22,3,3,0.818181818,2.45,0.55,,
Mumbai,10,11,2,2,0.730769231,1.46,0.54,,
Mumbai,3,11,2,2,0.730769231,1.46,0.54,,
Mumbai,4,11,2,2,0.730769231,1.46,0.54,,
Mumbai,2,19,5,5,0.892857143,4.46,0.54,,
Mumbai,3,19,5,5,0.892857143,4.46,0.54,,
Mumbai,2,4,2,2,0.736842105,1.47,0.53,,
Mumbai,8,0,2,2,0.735294118,1.47,0.53,,
Mumbai,5,23,2,2,0.733333333,1.47,0.53,,
Mumbai,7,23,2,2,0.733333333,1.47,0.53,,
Delhi,6,10,2,2,0.735294118,1.47,0.53,,
Hyderabad,2,12,2,2,0.739130435,1.48,0.52,,
Hyderabad,7,6,2,2,0.741935484,1.48,0.52,,
Mumbai,5,10,4,3,0.620689655,2.48,0.52,,
Mumbai,7,8,4,4,0.875,3.5,0.5,,
Mumbai,6,5,2,2,0.75,1.5,0.5,,
Mumbai,10,5,2,2,0.75,1.5,0.5,,
Hyderabad,6,23,4,3,0.625,2.5,0.5,,
Hyderabad,5,18,2,2,0.75,1.5,0.5,,
Hyderabad,10,18,2,2,0.75,1.5,0.5,,
Hyderabad,4,10,4,3,0.625,2.5,0.5,,
Hyderabad,5,10,4,3,0.625,2.5,0.5,,
Delhi,8,14,2,2,0.75,1.5,0.5,,
Delhi,10,14,2,2,0.75,1.5,0.5,,
Bengaluru,9,1,4,3,0.625,2.5,0.5,,
Bengaluru,3,6,2,2,0.75,1.5,0.5,,
Bengaluru,2,3,2,2,0.75862069,1.52,0.48,,
Bengaluru,2,11,1,1,0.523809524,0.52,0.48,,
Bengaluru,7,18,4,3,0.62962963,2.52,0.48,,
Bengaluru,10,18,4,3,0.62962963,2.52,0.48,,
Delhi,7,13,2,2,0.75862069,1.52,0.48,,
Delhi,10,13,2,2,0.75862069,1.52,0.48,,
Delhi,2,12,3,3,0.84,2.52,0.48,,
Delhi,2,13,2,2,0.75862069,1.52,0.48,,
Delhi,6,21,2,2,0.75862069,1.52,0.48,,
Delhi,6,17,2,2,0.766666667,1.53,0.47,,
Hyderabad,7,4,2,2,0.764705882,1.53,0.47,,
Delhi,1,1,3,3,0.842105263,2.53,0.47,,
Delhi,10,1,3,3,0.842105263,2.53,0.47,,
Bengaluru,10,7,4,3,0.633333333,2.53,0.47,,
Delhi,4,3,1,1,0.535714286,0.54,0.46,,
Delhi,7,20,1,1,0.551724138,0.55,0.45,,
Delhi,2,20,1,1,0.551724138,0.55,0.45,,
Delhi,10,21,6,5,0.75862069,4.55,0.45,,
Mumbai,7,7,2,2,0.772727273,1.55,0.45,,
Mumbai,8,7,2,2,0.772727273,1.55,0.45,,
Mumbai,9,18,2,2,0.777777778,1.56,0.44,,
Mumbai,5,18,2,2,0.777777778,1.56,0.44,,
Delhi,5,22,2,2,0.777777778,1.56,0.44,,
Delhi,2,9,4,4,0.888888889,3.56,0.44,,
Delhi,10,23,5,4,0.714285714,3.57,0.43,,
Bengaluru,7,12,2,2,0.782608696,1.57,0.43,,
Bengaluru,4,12,2,2,0.782608696,1.57,0.43,,
Bengaluru,5,12,2,2,0.782608696,1.57,0.43,,
Mumbai,7,3,5,4,0.714285714,3.57,0.43,,
Hyderabad,6,8,2,2,0.791666667,1.58,0.42,,
Hyderabad,9,11,1,1,0.575757576,0.58,0.42,,
Bengaluru,9,4,2,2,0.793103448,1.59,0.41,,
Mumbai,6,15,1,1,0.592592593,0.59,0.41,,
Mumbai,4,15,1,1,0.592592593,0.59,0.41,,
Mumbai,10,15,1,1,0.592592593,0.59,0.41,,
Delhi,4,6,1,1,0.6,0.6,0.4,,
Delhi,8,7,1,1,0.6,0.6,0.4,,
Delhi,3,7,1,1,0.6,0.6,0.4,,
Delhi,9,17,6,5,0.766666667,4.6,0.4,,
Bengaluru,9,0,4,3,0.652173913,2.61,0.39,,
Mumbai,1,6,3,3,0.869565217,2.61,0.39,,
Mumbai,10,6,3,3,0.869565217,2.61,0.39,,
Hyderabad,10,20,1,1,0.608695652,0.61,0.39,,
Hyderabad,1,23,1,1,0.625,0.63,0.38,,
Hyderabad,4,19,5,4,0.724137931,3.62,0.38,,
Mumbai,3,1,1,1,0.619047619,0.62,0.38,,
Mumbai,10,1,1,1,0.619047619,0.62,0.38,,
Mumbai,3,8,3,3,0.875,2.63,0.38,,
Mumbai,4,8,3,3,0.875,2.63,0.38,,
Mumbai,9,8,3,3,0.875,2.63,0.38,,
Mumbai,7,10,1,1,0.620689655,0.62,0.38,,
Mumbai,8,10,1,1,0.620689655,0.62,0.38,,
Delhi,6,5,1,1,0.625,0.63,0.38,,
Delhi,10,16,4,3,0.655172414,2.62,0.38,,
Delhi,6,16,4,3,0.655172414,2.62,0.38,,
Hyderabad,10,14,2,2,0.80952381,1.62,0.38,,
Delhi,8,19,1,1,0.62962963,0.63,0.37,,
Bengaluru,1,18,1,1,0.62962963,0.63,0.37,,
Bengaluru,2,18,1,1,0.62962963,0.63,0.37,,
Bengaluru,2,7,1,1,0.633333333,0.63,0.37,,
Hyderabad,2,0,1,1,0.636363636,0.64,0.36,,
Hyderabad,6,0,1,1,0.636363636,0.64,0.36,,
Hyderabad,4,7,5,3,0.527777778,2.64,0.36,,
Hyderabad,5,22,2,2,0.818181818,1.64,0.36,,
Hyderabad,2,16,1,1,0.647058824,0.65,0.35,,
Hyderabad,4,16,1,1,0.647058824,0.65,0.35,,
Mumbai,5,9,2,2,0.827586207,1.66,0.34,,
Mumbai,2,9,2,2,0.827586207,1.66,0.34,,
Mumbai,3,9,2,2,0.827586207,1.66,0.34,,
Delhi,8,16,1,1,0.655172414,0.66,0.34,,
Bengaluru,3,10,1,1,0.65625,0.66,0.34,,
Bengaluru,2,13,4,4,0.916666667,3.67,0.33,,
Bengaluru,7,13,4,4,0.916666667,3.67,0.33,,
Bengaluru,1,8,1,1,0.666666667,0.67,0.33,,
Bengaluru,4,8,1,1,0.666666667,0.67,0.33,,
Bengaluru,5,8,1,1,0.666666667,0.67,0.33,,
Delhi,1,9,3,3,0.888888889,2.67,0.33,,
Mumbai,10,17,4,3,0.666666667,2.67,0.33,,
Mumbai,3,17,4,3,0.666666667,2.67,0.33,,
Mumbai,5,17,1,1,0.666666667,0.67,0.33,,
Mumbai,7,17,4,3,0.666666667,2.67,0.33,,
Mumbai,7,20,4,3,0.666666667,2.67,0.33,,
Mumbai,3,23,5,4,0.733333333,3.67,0.33,,
Hyderabad,9,21,1,1,0.684210526,0.68,0.32,,
Hyderabad,6,21,1,1,0.684210526,0.68,0.32,,
Delhi,7,11,2,2,0.842105263,1.68,0.32,,
Delhi,8,11,2,2,0.842105263,1.68,0.32,,
Delhi,1,11,2,2,0.842105263,1.68,0.32,,
Delhi,9,12,2,2,0.84,1.68,0.32,,
Delhi,6,12,2,2,0.84,1.68,0.32,,
Delhi,7,12,2,2,0.84,1.68,0.32,,
Delhi,8,18,1,1,0.677419355,0.68,0.32,,
Hyderabad,5,2,1,1,0.678571429,0.68,0.32,,
Hyderabad,3,2,1,1,0.678571429,0.68,0.32,,
Hyderabad,10,2,1,1,0.678571429,0.68,0.32,,
Bengaluru,2,14,1,1,0.68,0.68,0.32,,
Bengaluru,10,14,1,1,0.68,0.68,0.32,,
Delhi,2,1,2,2,0.842105263,1.68,0.32,,
Delhi,7,1,2,2,0.842105263,1.68,0.32,,
Delhi,4,1,2,2,0.842105263,1.68,0.32,,
Delhi,2,4,1,1,0.689655172,0.69,0.31,,
Delhi,4,4,1,1,0.689655172,0.69,0.31,,
Delhi,8,4,1,1,0.689655172,0.69,0.31,,
Bengaluru,1,19,1,1,0.6875,0.69,0.31,,
Bengaluru,3,19,1,1,0.6875,0.69,0.31,,
Bengaluru,7,19,1,1,0.6875,0.69,0.31,,
Bengaluru,6,20,1,1,0.692307692,0.69,0.31,,
Bengaluru,3,20,1,1,0.692307692,0.69,0.31,,
Bengaluru,5,22,1,1,0.689655172,0.69,0.31,,
Mumbai,8,13,1,1,0.694444444,0.69,0.31,,
Mumbai,3,13,1,1,0.694444444,0.69,0.31,,
Hyderabad,8,15,1,1,0.695652174,0.7,0.3,,
Hyderabad,8,17,1,1,0.695652174,0.7,0.3,,
Hyderabad,4,15,1,1,0.695652174,0.7,0.3,,
Hyderabad,5,12,5,4,0.739130435,3.7,0.3,,
Hyderabad,5,9,1,1,0.7,0.7,0.3,,
Hyderabad,2,9,1,1,0.7,0.7,0.3,,
Hyderabad,8,2,4,3,0.678571429,2.71,0.29,,
Hyderabad,3,1,2,2,0.857142857,1.71,0.29,,
Hyderabad,7,1,2,2,0.857142857,1.71,0.29,,
Hyderabad,8,1,2,2,0.857142857,1.71,0.29,,
Delhi,5,18,4,3,0.677419355,2.71,0.29,,
Delhi,6,18,4,3,0.677419355,2.71,0.29,,
Delhi,1,23,1,1,0.714285714,0.71,0.29,,
Delhi,7,23,1,1,0.714285714,0.71,0.29,,
Delhi,9,23,1,1,0.714285714,0.71,0.29,,
Bengaluru,2,17,1,1,0.705882353,0.71,0.29,,
Delhi,8,0,1,1,0.714285714,0.71,0.29,,
Mumbai,4,2,1,1,0.714285714,0.71,0.29,,
Mumbai,8,2,1,1,0.714285714,0.71,0.29,,
Mumbai,1,3,8,6,0.714285714,5.71,0.29,,
Mumbai,9,3,1,1,0.714285714,0.71,0.29,,
Hyderabad,7,19,1,1,0.724137931,0.72,0.28,,
Bengaluru,5,2,1,1,0.727272727,0.73,0.27,,
Bengaluru,1,2,1,1,0.727272727,0.73,0.27,,
Hyderabad,5,11,3,2,0.575757576,1.73,0.27,,
Hyderabad,8,11,3,2,0.575757576,1.73,0.27,,
Hyderabad,1,12,1,1,0.739130435,0.74,0.26,,
Mumbai,3,4,1,1,0.736842105,0.74,0.26,,
Mumbai,6,6,2,2,0.869565217,1.74,0.26,,
Mumbai,2,0,1,1,0.735294118,0.74,0.26,,
Mumbai,3,16,1,1,0.739130435,0.74,0.26,,
Mumbai,6,8,2,2,0.875,1.75,0.25,,
Mumbai,8,5,1,1,0.75,0.75,0.25,,
Mumbai,9,5,1,1,0.75,0.75,0.25,,
Mumbai,5,5,1,1,0.75,0.75,0.25,,
Hyderabad,6,18,1,1,0.75,0.75,0.25,,
Bengaluru,3,13,3,3,0.916666667,2.75,0.25,,
Bengaluru,2,9,1,1,0.75,0.75,0.25,,
Bengaluru,4,9,1,1,0.75,0.75,0.25,,
Delhi,6,3,7,4,0.535714286,3.75,0.25,,
Bengaluru,8,4,6,5,0.793103448,4.76,0.24,,
Bengaluru,7,3,1,1,0.75862069,0.76,0.24,,
Hyderabad,8,4,1,1,0.764705882,0.76,0.24,,
Hyderabad,2,4,1,1,0.764705882,0.76,0.24,,
Delhi,3,21,1,1,0.75862069,0.76,0.24,,
Delhi,8,21,1,1,0.75862069,0.76,0.24,,
Delhi,1,13,1,1,0.75862069,0.76,0.24,,
Delhi,5,13,1,1,0.75862069,0.76,0.24,,
Delhi,6,13,1,1,0.75862069,0.76,0.24,,
Delhi,1,15,4,3,0.692307692,2.77,0.23,,
Delhi,7,15,4,3,0.692307692,2.77,0.23,,
Bengaluru,9,15,1,1,0.766666667,0.77,0.23,,
Bengaluru,10,15,1,1,0.766666667,0.77,0.23,,
Bengaluru,4,20,4,3,0.692307692,2.77,0.23,,
Mumbai,2,7,1,1,0.772727273,0.77,0.23,,
Mumbai,3,7,1,1,0.772727273,0.77,0.23,,
Mumbai,5,7,1,1,0.772727273,0.77,0.23,,
Bengaluru,10,12,1,1,0.782608696,0.78,0.22,,
Delhi,7,22,1,1,0.777777778,0.78,0.22,,
Delhi,10,22,1,1,0.777777778,0.78,0.22,,
Delhi,3,22,1,1,0.777777778,0.78,0.22,,
Delhi,9,9,2,2,0.888888889,1.78,0.22,,
Delhi,4,9,2,2,0.888888889,1.78,0.22,,
Delhi,5,9,2,2,0.888888889,1.78,0.22,,
Hyderabad,6,15,4,3,0.695652174,2.78,0.22,,
Hyderabad,7,8,1,1,0.791666667,0.79,0.21,,
Bengaluru,1,3,5,4,0.75862069,3.79,0.21,,
Bengaluru,10,4,1,1,0.793103448,0.79,0.21,,
Bengaluru,6,4,1,1,0.793103448,0.79,0.21,,
Mumbai,1,19,2,2,0.892857143,1.79,0.21,,
Mumbai,4,19,2,2,0.892857143,1.79,0.21,,
Mumbai,5,19,2,2,0.892857143,1.79,0.21,,
Mumbai,6,19,2,2,0.892857143,1.79,0.21,,
Delhi,6,2,1,1,0.8,0.8,0.2,,
Delhi,2,7,3,2,0.6,1.8,0.2,,
Delhi,3,6,3,2,0.6,1.8,0.2,,
Delhi,1,6,3,2,0.6,1.8,0.2,,
Delhi,7,6,3,2,0.6,1.8,0.2,,
Hyderabad,9,9,4,3,0.7,2.8,0.2,,
Hyderabad,2,14,1,1,0.80952381,0.81,0.19,,
Hyderabad,4,0,6,4,0.636363636,3.82,0.18,,
Bengaluru,1,13,2,2,0.916666667,1.83,0.17,,
Bengaluru,8,13,2,2,0.916666667,1.83,0.17,,
Mumbai,6,9,1,1,0.827586207,0.83,0.17,,
Hyderabad,1,20,3,2,0.608695652,1.83,0.17,,
Mumbai,6,14,3,2,0.612903226,1.84,0.16,,
Delhi,6,1,1,1,0.842105263,0.84,0.16,,
Bengaluru,3,21,4,3,0.709677419,2.84,0.16,,
Delhi,5,12,1,1,0.84,0.84,0.16,,
Delhi,3,12,1,1,0.84,0.84,0.16,,
Hyderabad,4,1,1,1,0.857142857,0.86,0.14,,
Hyderabad,5,1,1,1,0.857142857,0.86,0.14,,
Hyderabad,6,1,1,1,0.857142857,0.86,0.14,,
Hyderabad,2,1,1,1,0.857142857,0.86,0.14,,
Delhi,6,0,4,3,0.714285714,2.86,0.14,,
Delhi,4,0,4,3,0.714285714,2.86,0.14,,
Mumbai,6,3,4,3,0.714285714,2.86,0.14,,
Mumbai,7,1,3,2,0.619047619,1.86,0.14,,
Mumbai,7,6,1,1,0.869565217,0.87,0.13,,
Mumbai,3,6,1,1,0.869565217,0.87,0.13,,
Mumbai,4,6,1,1,0.869565217,0.87,0.13,,
Hyderabad,4,23,3,2,0.625,1.88,0.13,,
Hyderabad,5,23,3,2,0.625,1.88,0.13,,
Mumbai,10,8,1,1,0.875,0.88,0.13,,
Mumbai,8,8,1,1,0.875,0.88,0.13,,
Delhi,7,5,3,2,0.625,1.88,0.13,,
Delhi,8,5,3,2,0.625,1.88,0.13,,
Bengaluru,1,1,3,2,0.625,1.88,0.13,,
Bengaluru,3,1,3,2,0.625,1.88,0.13,,
Bengaluru,5,1,3,2,0.625,1.88,0.13,,
Hyderabad,6,10,3,2,0.625,1.88,0.13,,
Hyderabad,4,11,5,3,0.575757576,2.88,0.12,,
Hyderabad,1,11,5,3,0.575757576,2.88,0.12,,
Delhi,4,8,4,3,0.72,2.88,0.12,,
Delhi,6,9,1,1,0.888888889,0.89,0.11,,
Delhi,2,19,3,2,0.62962963,1.89,0.11,,
Bengaluru,8,18,3,2,0.62962963,1.89,0.11,,
Bengaluru,5,18,3,2,0.62962963,1.89,0.11,,
Mumbai,7,21,3,2,0.62962963,1.89,0.11,,
Mumbai,3,18,5,4,0.777777778,3.89,0.11,,
Hyderabad,9,19,4,3,0.724137931,2.9,0.1,,
Hyderabad,1,19,4,3,0.724137931,2.9,0.1,,
Bengaluru,1,7,3,2,0.633333333,1.9,0.1,,
Bengaluru,2,2,4,3,0.727272727,2.91,0.09,,
Bengaluru,8,2,4,3,0.727272727,2.91,0.09,,
Hyderabad,5,0,3,2,0.636363636,1.91,0.09,,
Bengaluru,9,13,1,1,0.916666667,0.92,0.08,,
Bengaluru,5,13,1,1,0.916666667,0.92,0.08,,
Bengaluru,6,13,1,1,0.916666667,0.92,0.08,,
Bengaluru,8,23,6,4,0.65625,3.94,0.06,,
Hyderabad,10,13,3,2,0.64516129,1.94,0.06,,
Hyderabad,1,16,3,2,0.647058824,1.94,0.06,,
Mumbai,6,12,3,2,0.647058824,1.94,0.06,,
Mumbai,10,12,3,2,0.647058824,1.94,0.06,,
Hyderabad,3,6,4,3,0.741935484,2.97,0.03,,
Delhi,3,16,3,2,0.655172414,1.97,0.03,,
Delhi,1,16,3,2,0.655172414,1.97,0.03,,
Bengaluru,6,23,3,2,0.65625,1.97,0.03,,
Bengaluru,10,10,3,2,0.65625,1.97,0.03,,
Bengaluru,10,8,3,2,0.666666667,2,0,,
Bengaluru,4,6,4,3,0.75,3,0,,
Delhi,1,14,4,3,0.75,3,0,,
Delhi,2,14,4,3,0.75,3,0,,
Mumbai,9,17,3,2,0.666666667,2,0,,
Mumbai,6,17,3,2,0.666666667,2,0,,
Mumbai,5,20,3,2,0.666666667,2,0,,
Hyderabad,9,18,4,3,0.75,3,0,,
Mumbai,3,5,4,3,0.75,3,0,,
Delhi,3,18,3,2,0.677419355,2.03,-0.03,,
Delhi,4,12,6,5,0.84,5.04,-0.04,,
Hyderabad,1,2,3,2,0.678571429,2.04,-0.04,,
Hyderabad,1,14,5,4,0.80952381,4.05,-0.05,,
Delhi,5,11,6,5,0.842105263,5.05,-0.05,,
Bengaluru,1,11,2,1,0.523809524,1.05,-0.05,,
Bengaluru,7,11,2,1,0.523809524,1.05,-0.05,,
Bengaluru,10,11,2,1,0.523809524,1.05,-0.05,,
Bengaluru,2,19,3,2,0.6875,2.06,-0.06,,
Bengaluru,6,19,3,2,0.6875,2.06,-0.06,,
Hyderabad,1,7,2,1,0.527777778,1.06,-0.06,,
Hyderabad,3,7,2,1,0.527777778,1.06,-0.06,,
Bengaluru,7,15,4,3,0.766666667,3.07,-0.07,,
Bengaluru,7,22,3,2,0.689655172,2.07,-0.07,,
Delhi,5,4,3,2,0.689655172,2.07,-0.07,,
Delhi,8,3,2,1,0.535714286,1.07,-0.07,,
Bengaluru,4,15,4,3,0.766666667,3.07,-0.07,,
Bengaluru,2,15,4,3,0.766666667,3.07,-0.07,,
Bengaluru,9,14,6,4,0.68,4.08,-0.08,,
Delhi,5,15,3,2,0.692307692,2.08,-0.08,,
Delhi,9,15,3,2,0.692307692,2.08,-0.08,,
Bengaluru,1,16,3,2,0.696969697,2.09,-0.09,,
Bengaluru,7,16,3,2,0.696969697,2.09,-0.09,,
Hyderabad,3,17,3,2,0.695652174,2.09,-0.09,,
Hyderabad,10,22,5,4,0.818181818,4.09,-0.09,,
Hyderabad,7,22,5,4,0.818181818,4.09,-0.09,,
Delhi,8,20,2,1,0.551724138,1.1,-0.1,,
Hyderabad,8,9,3,2,0.7,2.1,-0.1,,
Hyderabad,10,9,3,2,0.7,2.1,-0.1,,
Delhi,4,22,4,3,0.777777778,3.11,-0.11,,
Mumbai,8,11,7,5,0.730769231,5.12,-0.12,,
Hyderabad,7,23,5,3,0.625,3.13,-0.13,,
Bengaluru,7,21,3,2,0.709677419,2.13,-0.13,,
Bengaluru,6,12,4,3,0.782608696,3.13,-0.13,,
Bengaluru,9,11,6,3,0.523809524,3.14,-0.14,,
Delhi,1,0,3,2,0.714285714,2.14,-0.14,,
Delhi,9,0,3,2,0.714285714,2.14,-0.14,,
Delhi,10,4,6,4,0.689655172,4.14,-0.14,,
Mumbai,8,9,5,4,0.827586207,4.14,-0.14,,
Mumbai,3,15,7,4,0.592592593,4.15,-0.15,,
Bengaluru,6,18,5,3,0.62962963,3.15,-0.15,,
Delhi,3,19,5,3,0.62962963,3.15,-0.15,,
Delhi,10,19,5,3,0.62962963,3.15,-0.15,,
Hyderabad,3,11,2,1,0.575757576,1.15,-0.15,,
Hyderabad,10,11,2,1,0.575757576,1.15,-0.15,,
Bengaluru,3,7,5,3,0.633333333,3.17,-0.17,,
Mumbai,5,13,6,4,0.694444444,4.17,-0.17,,
Hyderabad,3,19,3,2,0.724137931,2.17,-0.17,,
Bengaluru,10,2,3,2,0.727272727,2.18,-0.18,,
Mumbai,1,15,2,1,0.592592593,1.19,-0.19,,
Mumbai,9,15,2,1,0.592592593,1.19,-0.19,,
Mumbai,2,23,3,2,0.733333333,2.2,-0.2,,
Mumbai,8,23,3,2,0.733333333,2.2,-0.2,,
Mumbai,9,23,3,2,0.733333333,2.2,-0.2,,
Delhi,6,6,2,1,0.6,1.2,-0.2,,
Delhi,1,7,2,1,0.6,1.2,-0.2,,
Hyderabad,4,5,2,1,0.6,1.2,-0.2,,
Hyderabad,7,5,2,1,0.6,1.2,-0.2,,
Delhi,10,20,4,2,0.551724138,2.21,-0.21,,
Delhi,1,10,3,2,0.735294118,2.21,-0.21,,
Delhi,9,3,6,3,0.535714286,3.21,-0.21,,
Mumbai,10,0,3,2,0.735294118,2.21,-0.21,,
Mumbai,4,0,3,2,0.735294118,2.21,-0.21,,
Hyderabad,9,20,2,1,0.608695652,1.22,-0.22,,
Hyderabad,2,20,2,1,0.608695652,1.22,-0.22,,
Mumbai,2,16,3,2,0.739130435,2.22,-0.22,,
Mumbai,7,16,3,2,0.739130435,2.22,-0.22,,
Mumbai,9,16,3,2,0.739130435,2.22,-0.22,,
Hyderabad,8,12,3,2,0.739130435,2.22,-0.22,,
Hyderabad,5,6,3,2,0.741935484,2.23,-0.23,,
Hyderabad,8,6,3,2,0.741935484,2.23,-0.23,,
Mumbai,8,14,2,1,0.612903226,1.23,-0.23,,
Mumbai,3,14,2,1,0.612903226,1.23,-0.23,,
Mumbai,10,10,2,1,0.620689655,1.24,-0.24,,
Hyderabad,8,18,3,2,0.75,2.25,-0.25,,
Mumbai,7,5,3,2,0.75,2.25,-0.25,,
Hyderabad,8,10,2,1,0.625,1.25,-0.25,,
Hyderabad,9,10,2,1,0.625,1.25,-0.25,,
Delhi,3,14,3,2,0.75,2.25,-0.25,,
Delhi,4,14,3,2,0.75,2.25,-0.25,,
Bengaluru,5,6,3,2,0.75,2.25,-0.25,,
Bengaluru,2,6,3,2,0.75,2.25,-0.25,,
Bengaluru,5,9,3,2,0.75,2.25,-0.25,,
Bengaluru,6,9,3,2,0.75,2.25,-0.25,,
Bengaluru,3,9,3,2,0.75,2.25,-0.25,,
Mumbai,2,21,2,1,0.62962963,1.26,-0.26,,
Mumbai,9,21,2,1,0.62962963,1.26,-0.26,,
Bengaluru,8,7,2,1,0.633333333,1.27,-0.27,,
Bengaluru,4,7,2,1,0.633333333,1.27,-0.27,,
Hyderabad,7,0,2,1,0.636363636,1.27,-0.27,,
Delhi,1,21,3,2,0.75862069,2.28,-0.28,,
Delhi,2,21,3,2,0.75862069,2.28,-0.28,,
Delhi,9,16,5,3,0.655172414,3.28,-0.28,,
Bengaluru,10,3,3,2,0.75862069,2.28,-0.28,,
Hyderabad,10,16,2,1,0.647058824,1.29,-0.29,,
Hyderabad,8,16,2,1,0.647058824,1.29,-0.29,,
Hyderabad,7,11,4,2,0.575757576,2.3,-0.3,,
Hyderabad,7,3,6,4,0.71875,4.31,-0.31,,
Delhi,4,16,2,1,0.655172414,1.31,-0.31,,
Bengaluru,1,5,2,1,0.65625,1.31,-0.31,,
Bengaluru,6,5,2,1,0.65625,1.31,-0.31,,
Bengaluru,4,23,2,1,0.65625,1.31,-0.31,,
Mumbai,4,9,4,3,0.827586207,3.31,-0.31,,
Mumbai,6,7,3,2,0.772727273,2.32,-0.32,,
Mumbai,1,7,3,2,0.772727273,2.32,-0.32,,
Mumbai,9,20,2,1,0.666666667,1.33,-0.33,,
Mumbai,8,17,2,1,0.666666667,1.33,-0.33,,
Mumbai,4,17,2,1,0.666666667,1.33,-0.33,,
Mumbai,2,18,3,2,0.777777778,2.33,-0.33,,
Mumbai,1,17,5,3,0.666666667,3.33,-0.33,,
Mumbai,2,17,2,1,0.666666667,1.33,-0.33,,
Delhi,1,22,3,2,0.777777778,2.33,-0.33,,
Delhi,1,18,2,1,0.677419355,1.35,-0.35,,
Delhi,2,18,2,1,0.677419355,1.35,-0.35,,
Delhi,7,18,2,1,0.677419355,1.35,-0.35,,
Bengaluru,1,12,3,2,0.782608696,2.35,-0.35,,
Bengaluru,7,14,2,1,0.68,1.36,-0.36,,
Bengaluru,8,14,2,1,0.68,1.36,-0.36,,
Bengaluru,1,14,2,1,0.68,1.36,-0.36,,
Hyderabad,2,8,3,2,0.791666667,2.37,-0.37,,
Mumbai,4,22,2,1,0.684210526,1.37,-0.37,,
Mumbai,2,15,4,2,0.592592593,2.37,-0.37,,
Hyderabad,7,21,2,1,0.684210526,1.37,-0.37,,
Hyderabad,2,21,2,1,0.684210526,1.37,-0.37,,
Hyderabad,5,21,2,1,0.684210526,1.37,-0.37,,
Bengaluru,1,4,3,2,0.793103448,2.38,-0.38,,
Bengaluru,2,22,2,1,0.689655172,1.38,-0.38,,
Bengaluru,8,20,2,1,0.692307692,1.38,-0.38,,
Bengaluru,10,20,2,1,0.692307692,1.38,-0.38,,
Bengaluru,1,20,2,1,0.692307692,1.38,-0.38,,
Bengaluru,2,20,2,1,0.692307692,1.38,-0.38,,
Delhi,9,18,5,3,0.677419355,3.39,-0.39,,
Hyderabad,9,17,2,1,0.695652174,1.39,-0.39,,
Hyderabad,10,17,2,1,0.695652174,1.39,-0.39,,
Mumbai,9,13,2,1,0.694444444,1.39,-0.39,,
Delhi,7,7,4,2,0.6,2.4,-0.4,,
Hyderabad,7,9,2,1,0.7,1.4,-0.4,,
Hyderabad,3,9,2,1,0.7,1.4,-0.4,,
Hyderabad,1,9,2,1,0.7,1.4,-0.4,,
Delhi,3,2,3,2,0.8,2.4,-0.4,,
Delhi,2,10,6,4,0.735294118,4.41,-0.41,,
Mumbai,1,21,7,4,0.62962963,4.41,-0.41,,
Mumbai,5,3,2,1,0.714285714,1.43,-0.43,,
Delhi,2,23,2,1,0.714285714,1.43,-0.43,,
Hyderabad,3,14,3,2,0.80952381,2.43,-0.43,,
Hyderabad,9,1,4,3,0.857142857,3.43,-0.43,,
Hyderabad,1,1,4,3,0.857142857,3.43,-0.43,,
Delhi,10,0,2,1,0.714285714,1.43,-0.43,,
Delhi,1,8,2,1,0.72,1.44,-0.44,,
Hyderabad,10,3,2,1,0.71875,1.44,-0.44,,
Delhi,5,8,2,1,0.72,1.44,-0.44,,
Delhi,3,9,5,4,0.888888889,4.44,-0.44,,
Hyderabad,2,19,2,1,0.724137931,1.45,-0.45,,
Hyderabad,4,22,3,2,0.818181818,2.45,-0.45,,
Mumbai,9,11,2,1,0.730769231,1.46,-0.46,,
Mumbai,4,4,2,1,0.736842105,1.47,-0.47,,
Mumbai,5,4,2,1,0.736842105,1.47,-0.47,,
Delhi,9,10,2,1,0.735294118,1.47,-0.47,,
Hyderabad,4,12,2,1,0.739130435,1.48,-0.48,,
Hyderabad,9,12,2,1,0.739130435,1.48,-0.48,,
Mumbai,2,10,4,2,0.620689655,2.48,-0.48,,
Mumbai,10,9,3,2,0.827586207,2.48,-0.48,,
Mumbai,5,16,2,1,0.739130435,1.48,-0.48,,
Hyderabad,3,18,2,1,0.75,1.5,-0.5,,
Hyderabad,2,10,4,2,0.625,2.5,-0.5,,
Bengaluru,9,9,2,1,0.75,1.5,-0.5,,
Bengaluru,7,9,2,1,0.75,1.5,-0.5,,
Bengaluru,3,18,4,2,0.62962963,2.52,-0.52,,
Delhi,1,12,3,2,0.84,2.52,-0.52,,
Delhi,8,12,3,2,0.84,2.52,-0.52,,
Delhi,1,19,4,2,0.62962963,2.52,-0.52,,
Delhi,1,17,2,1,0.766666667,1.53,-0.53,,
Delhi,3,1,3,2,0.842105263,2.53,-0.53,,
Bengaluru,5,15,2,1,0.766666667,1.53,-0.53,,
Bengaluru,6,15,2,1,0.766666667,1.53,-0.53,,
Delhi,5,3,1,0,0.535714286,0.54,-0.54,,
Delhi,1,3,1,0,0.535714286,0.54,-0.54,,
Bengaluru,8,21,5,3,0.709677419,3.55,-0.55,,
Bengaluru,4,21,5,3,0.709677419,3.55,-0.55,,
Delhi,9,20,1,0,0.551724138,0.55,-0.55,,
Delhi,6,20,1,0,0.551724138,0.55,-0.55,,
Hyderabad,8,0,4,2,0.636363636,2.55,-0.55,,
Delhi,10,9,4,3,0.888888889,3.56,-0.56,,
Delhi,8,9,4,3,0.888888889,3.56,-0.56,,
Mumbai,8,18,2,1,0.777777778,1.56,-0.56,,
Mumbai,1,13,8,5,0.694444444,5.56,-0.56,,
Mumbai,2,13,8,5,0.694444444,5.56,-0.56,,
Mumbai,7,19,4,3,0.892857143,3.57,-0.57,,
Hyderabad,10,1,3,2,0.857142857,2.57,-0.57,,
Delhi,5,0,5,3,0.714285714,3.57,-0.57,,
Bengaluru,8,12,2,1,0.782608696,1.57,-0.57,,
Bengaluru,2,12,2,1,0.782608696,1.57,-0.57,,
Bengaluru,3,12,2,1,0.782608696,1.57,-0.57,,
Bengaluru,4,13,5,4,0.916666667,4.58,-0.58,,
Hyderabad,4,8,2,1,0.791666667,1.58,-0.58,,
Hyderabad,3,13,4,2,0.64516129,2.58,-0.58,,
Bengaluru,3,4,2,1,0.793103448,1.59,-0.59,,
Bengaluru,7,4,2,1,0.793103448,1.59,-0.59,,
Delhi,10,2,2,1,0.8,1.6,-0.6,,
Delhi,7,2,2,1,0.8,1.6,-0.6,,
Delhi,6,7,1,0,0.6,0.6,-0.6,,
Delhi,2,6,1,0,0.6,0.6,-0.6,,
Hyderabad,9,5,1,0,0.6,0.6,-0.6,,
Hyderabad,1,5,1,0,0.6,0.6,-0.6,,
Hyderabad,2,5,1,0,0.6,0.6,-0.6,,
Delhi,8,8,5,3,0.72,3.6,-0.6,,
Delhi,2,3,3,1,0.535714286,1.61,-0.61,,
Delhi,7,3,3,1,0.535714286,1.61,-0.61,,
Bengaluru,6,0,4,2,0.652173913,2.61,-0.61,,
Mumbai,9,14,1,0,0.612903226,0.61,-0.61,,
Hyderabad,4,20,1,0,0.608695652,0.61,-0.61,,
Mumbai,8,6,3,2,0.869565217,2.61,-0.61,,
Mumbai,9,10,1,0,0.620689655,0.62,-0.62,,
Hyderabad,6,14,2,1,0.80952381,1.62,-0.62,,
Hyderabad,8,14,2,1,0.80952381,1.62,-0.62,,
Bengaluru,7,5,4,2,0.65625,2.63,-0.63,,
Bengaluru,5,23,4,2,0.65625,2.63,-0.63,,
Bengaluru,9,23,4,2,0.65625,2.63,-0.63,,
Mumbai,1,8,3,2,0.875,2.63,-0.63,,
Mumbai,8,21,1,0,0.62962963,0.63,-0.63,,
Hyderabad,5,7,5,2,0.527777778,2.64,-0.64,,
Hyderabad,9,0,1,0,0.636363636,0.64,-0.64,,
Hyderabad,10,0,1,0,0.636363636,0.64,-0.64,,
Bengaluru,1,0,1,0,0.652173913,0.65,-0.65,,
Mumbai,8,12,1,0,0.647058824,0.65,-0.65,,
Hyderabad,9,16,1,0,0.647058824,0.65,-0.65,,
Bengaluru,3,5,1,0,0.65625,0.66,-0.66,,
Bengaluru,8,10,1,0,0.65625,0.66,-0.66,,
Delhi,5,16,1,0,0.655172414,0.66,-0.66,,
Bengaluru,6,8,7,4,0.666666667,4.67,-0.67,,
Bengaluru,7,8,4,2,0.666666667,2.67,-0.67,,
Bengaluru,3,8,4,2,0.666666667,2.67,-0.67,,
Mumbai,1,20,1,0,0.666666667,0.67,-0.67,,
Mumbai,8,19,3,2,0.892857143,2.68,-0.68,,
Mumbai,9,19,3,2,0.892857143,2.68,-0.68,,
Mumbai,5,22,1,0,0.684210526,0.68,-0.68,,
Mumbai,6,22,1,0,0.684210526,0.68,-0.68,,
Mumbai,7,22,1,0,0.684210526,0.68,-0.68,,
Mumbai,6,4,5,3,0.736842105,3.68,-0.68,,
Mumbai,5,0,5,3,0.735294118,3.68,-0.68,,
Mumbai,6,0,5,3,0.735294118,3.68,-0.68,,
Delhi,5,1,2,1,0.842105263,1.68,-0.68,,
Delhi,10,10,5,3,0.735294118,3.68,-0.68,,
Delhi,2,11,2,1,0.842105263,1.68,-0.68,,
Delhi,10,12,2,1,0.84,1.68,-0.68,,
Delhi,6,15,1,0,0.692307692,0.69,-0.69,,
Delhi,10,15,1,0,0.692307692,0.69,-0.69,,
Bengaluru,10,19,1,0,0.6875,0.69,-0.69,,
Hyderabad,4,17,1,0,0.695652174,0.7,-0.7,,
Hyderabad,5,17,1,0,0.695652174,0.7,-0.7,,
Mumbai,10,2,1,0,0.714285714,0.71,-0.71,,
Mumbai,3,2,1,0,0.714285714,0.71,-0.71,,
Bengaluru,9,17,1,0,0.705882353,0.71,-0.71,,
Delhi,2,0,1,0,0.714285714,0.71,-0.71,,
Bengaluru,1,21,1,0,0.709677419,0.71,-0.71,,
Delhi,6,23,1,0,0.714285714,0.71,-0.71,,
Hyderabad,2,2,4,2,0.678571429,2.71,-0.71,,
Hyderabad,7,2,4,2,0.678571429,2.71,-0.71,,
Hyderabad,4,6,5,3,0.741935484,3.71,-0.71,,
Hyderabad,9,3,1,0,0.71875,0.72,-0.72,,
Hyderabad,8,19,1,0,0.724137931,0.72,-0.72,,
Mumbai,9,4,1,0,0.736842105,0.74,-0.74,,
Mumbai,9,6,2,1,0.869565217,1.74,-0.74,,
Mumbai,5,6,2,1,0.869565217,1.74,-0.74,,
Mumbai,8,16,1,0,0.739130435,0.74,-0.74,,
Mumbai,9,22,4,2,0.684210526,2.74,-0.74,,
Hyderabad,10,12,1,0,0.739130435,0.74,-0.74,,
Hyderabad,7,12,1,0,0.739130435,0.74,-0.74,,
Bengaluru,6,6,1,0,0.75,0.75,-0.75,,
Bengaluru,7,6,1,0,0.75,0.75,-0.75,,
Bengaluru,1,9,1,0,0.75,0.75,-0.75,,
Bengaluru,4,3,1,0,0.75862069,0.76,-0.76,,
Bengaluru,4,22,4,2,0.689655172,2.76,-0.76,,
Bengaluru,9,22,4,2,0.689655172,2.76,-0.76,,
Delhi,7,4,4,2,0.689655172,2.76,-0.76,,
Hyderabad,4,4,1,0,0.764705882,0.76,-0.76,,
Hyderabad,9,4,1,0,0.764705882,0.76,-0.76,,
Delhi,5,21,1,0,0.75862069,0.76,-0.76,,
Delhi,4,13,1,0,0.75862069,0.76,-0.76,,
Delhi,8,17,1,0,0.766666667,0.77,-0.77,,
Delhi,2,22,1,0,0.777777778,0.78,-0.78,,
Delhi,6,22,1,0,0.777777778,0.78,-0.78,,
Mumbai,7,15,3,1,0.592592593,1.78,-0.78,,
Mumbai,8,15,3,1,0.592592593,1.78,-0.78,,
Mumbai,6,18,1,0,0.777777778,0.78,-0.78,,
Hyderabad,7,17,4,2,0.695652174,2.78,-0.78,,
Hyderabad,9,15,4,2,0.695652174,2.78,-0.78,,
Hyderabad,5,8,1,0,0.791666667,0.79,-0.79,,
Bengaluru,4,16,4,2,0.696969697,2.79,-0.79,,
Bengaluru,6,3,5,3,0.75862069,3.79,-0.79,,
Delhi,9,6,3,1,0.6,1.8,-0.8,,
Hyderabad,8,22,1,0,0.818181818,0.82,-0.82,,
Delhi,7,17,5,3,0.766666667,3.83,-0.83,,
Delhi,10,11,1,0,0.842105263,0.84,-0.84,,
Delhi,9,1,1,0,0.842105263,0.84,-0.84,,
Mumbai,7,14,3,1,0.612903226,1.84,-0.84,,
Mumbai,6,1,3,1,0.619047619,1.86,-0.86,,
Mumbai,9,2,4,2,0.714285714,2.86,-0.86,,
Mumbai,5,12,6,3,0.647058824,3.88,-0.88,,
Delhi,2,5,3,1,0.625,1.88,-0.88,,
Delhi,10,5,3,1,0.625,1.88,-0.88,,
Bengaluru,10,1,3,1,0.625,1.88,-0.88,,
Bengaluru,7,1,3,1,0.625,1.88,-0.88,,
Delhi,7,8,4,2,0.72,2.88,-0.88,,
Hyderabad,3,10,3,1,0.625,1.88,-0.88,,
Hyderabad,8,3,4,2,0.71875,2.88,-0.88,,
Hyderabad,6,19,4,2,0.724137931,2.9,-0.9,,
Bengaluru,10,13,1,0,0.916666667,0.92,-0.92,,
Mumbai,4,23,4,2,0.733333333,2.93,-0.93,,
Mumbai,6,23,4,2,0.733333333,2.93,-0.93,,
Mumbai,3,12,3,1,0.647058824,1.94,-0.94,,
Mumbai,7,12,3,1,0.647058824,1.94,-0.94,,
Bengaluru,4,0,3,1,0.652173913,1.96,-0.96,,
Bengaluru,9,5,3,1,0.65625,1.97,-0.97,,
Bengaluru,2,10,3,1,0.65625,1.97,-0.97,,
Bengaluru,9,10,3,1,0.65625,1.97,-0.97,,
Mumbai,9,9,6,4,0.827586207,4.97,-0.97,,
Mumbai,3,20,3,1,0.666666667,2,-1,,
Bengaluru,9,6,4,2,0.75,3,-1,,
Delhi,4,7,5,2,0.6,3,-1,,
Delhi,8,2,5,3,0.8,4,-1,,
Delhi,7,14,4,2,0.75,3,-1,,
Delhi,8,13,4,2,0.75862069,3.03,-1.03,,
Delhi,10,18,3,1,0.677419355,2.03,-1.03,,
Delhi,5,17,4,2,0.766666667,3.07,-1.07,,
Mumbai,6,13,3,1,0.694444444,2.08,-1.08,,
Hyderabad,2,15,3,1,0.695652174,2.09,-1.09,,
Hyderabad,3,15,3,1,0.695652174,2.09,-1.09,,
Bengaluru,6,16,3,1,0.696969697,2.09,-1.09,,
Mumbai,8,1,5,2,0.619047619,3.1,-1.1,,
Hyderabad,10,7,4,1,0.527777778,2.11,-1.11,,
Hyderabad,7,10,5,2,0.625,3.13,-1.13,,
Bengaluru,9,21,3,1,0.709677419,2.13,-1.13,,
Mumbai,7,2,3,1,0.714285714,2.14,-1.14,,
Hyderabad,4,3,3,1,0.71875,2.16,-1.16,,
Hyderabad,1,8,4,2,0.791666667,3.17,-1.17,,
Bengaluru,4,4,4,2,0.793103448,3.17,-1.17,,
Bengaluru,7,7,5,2,0.633333333,3.17,-1.17,,
Mumbai,5,11,3,1,0.730769231,2.19,-1.19,,
Mumbai,3,0,3,1,0.735294118,2.21,-1.21,,
Hyderabad,3,20,2,0,0.608695652,1.22,-1.22,,
Mumbai,5,1,2,0,0.619047619,1.24,-1.24,,
Hyderabad,8,23,2,0,0.625,1.25,-1.25,,
Hyderabad,2,18,3,1,0.75,2.25,-1.25,,
Delhi,9,14,3,1,0.75,2.25,-1.25,,
Delhi,5,19,2,0,0.62962963,1.26,-1.26,,
Bengaluru,4,18,2,0,0.62962963,1.26,-1.26,,
Bengaluru,6,7,2,0,0.633333333,1.27,-1.27,,
Bengaluru,3,3,3,1,0.75862069,2.28,-1.28,,
Bengaluru,6,10,5,2,0.65625,3.28,-1.28,,
Bengaluru,10,23,5,2,0.65625,3.28,-1.28,,
Hyderabad,6,4,3,1,0.764705882,2.29,-1.29,,
Hyderabad,5,13,2,0,0.64516129,1.29,-1.29,,
Hyderabad,3,16,2,0,0.647058824,1.29,-1.29,,
Bengaluru,8,15,3,1,0.766666667,2.3,-1.3,,
Bengaluru,7,0,2,0,0.652173913,1.3,-1.3,,
Delhi,2,16,2,0,0.655172414,1.31,-1.31,,
Mumbai,8,20,5,2,0.666666667,3.33,-1.33,,
Hyderabad,9,2,2,0,0.678571429,1.36,-1.36,,
Delhi,3,15,2,0,0.692307692,1.38,-1.38,,
Bengaluru,4,19,2,0,0.6875,1.38,-1.38,,
Bengaluru,8,22,2,0,0.689655172,1.38,-1.38,,
Hyderabad,3,5,4,1,0.6,2.4,-1.4,,
Bengaluru,3,17,2,0,0.705882353,1.41,-1.41,,
Bengaluru,5,17,2,0,0.705882353,1.41,-1.41,,
Hyderabad,4,21,5,2,0.684210526,3.42,-1.42,,
Mumbai,3,3,2,0,0.714285714,1.43,-1.43,,
Delhi,9,4,5,2,0.689655172,3.45,-1.45,,
Mumbai,6,11,2,0,0.730769231,1.46,-1.46,,
Delhi,5,10,2,0,0.735294118,1.47,-1.47,,
Bengaluru,2,16,5,2,0.696969697,3.48,-1.48,,
Mumbai,5,8,4,2,0.875,3.5,-1.5,,
Mumbai,2,5,2,0,0.75,1.5,-1.5,,
Mumbai,3,21,4,1,0.62962963,2.52,-1.52,,
Delhi,9,13,6,3,0.75862069,4.55,-1.55,,
Mumbai,7,18,2,0,0.777777778,1.56,-1.56,,
Delhi,8,23,5,2,0.714285714,3.57,-1.57,,
Bengaluru,4,5,7,3,0.65625,4.59,-1.59,,
Delhi,5,20,3,0,0.551724138,1.66,-1.66,,
Delhi,1,20,3,0,0.551724138,1.66,-1.66,,
Delhi,1,5,6,2,0.625,3.75,-1.75,,
Bengaluru,7,20,4,1,0.692307692,2.77,-1.77,,
Hyderabad,5,20,3,0,0.608695652,1.83,-1.83,,
Mumbai,4,14,3,0,0.612903226,1.84,-1.84,,
Mumbai,10,7,5,2,0.772727273,3.86,-1.86,,
Mumbai,2,3,4,1,0.714285714,2.86,-1.86,,
Hyderabad,6,11,5,1,0.575757576,2.88,-1.88,,
Bengaluru,7,2,4,1,0.727272727,2.91,-1.91,,
Hyderabad,8,13,3,0,0.64516129,1.94,-1.94,,
Hyderabad,4,13,3,0,0.64516129,1.94,-1.94,,
Hyderabad,1,6,4,1,0.741935484,2.97,-1.97,,
Bengaluru,4,14,3,0,0.68,2.04,-2.04,,
Bengaluru,5,11,4,0,0.523809524,2.1,-2.1,,
Hyderabad,7,7,8,2,0.527777778,4.22,-2.22,,
Delhi,9,21,3,0,0.75862069,2.28,-2.28,,
Hyderabad,2,23,4,0,0.625,2.5,-2.5,,
Mumbai,1,10,6,1,0.620689655,3.72,-2.72,,
